{
    "train_loss": [
        1.0369153022766113
    ],
    "train_acc": [
        0.171875
    ],
    "train_precision": [
        0.057291666666666664
    ],
    "train_recall": [
        0.3333333333333333
    ],
    "train_f1": [
        0.09777527473074465
    ]
}