{
    "train_loss": [
        0.8216376304626465
    ],
    "train_acc": [
        0.36875
    ],
    "train_precision": [
        0.3826086956521739
    ],
    "train_recall": [
        0.4549348288293841
    ],
    "train_f1": [
        0.415643935288552
    ]
}