{
    "train_loss": [
        0.6945794820785522,
        0.5337210893630981,
        0.39693814516067505
    ],
    "train_acc": [
        0.45625,
        0.83671875,
        0.8921875
    ],
    "train_precision": [
        0.5268227424749163,
        0.5134080904378631,
        0.49868995633187774
    ],
    "train_recall": [
        0.5099700649421687,
        0.516984104725689,
        0.447141738449491
    ]
}